seed, good, bad, neutral, selection, success
2791,6,1,0,Lexicase,0
2151,5,5,0,Eco-EA,1
2550,1,0,0,Eco-EA,0
2878,4,6,0,Lexicase,0
2744,7,1,0,Lexicase,0
3234,0,8,0,Lexicase,0
3735,2,3,0,Tournament,0
3364,8,1,0,Tournament,0
2183,5,2,0,Eco-EA,1
3616,3,6,0,Tournament,0
3216,0,10,0,Lexicase,0
3809,1,6,0,Tournament,0
2295,3,6,0,Eco-EA,1
2420,2,3,0,Eco-EA,0
3921,0,5,0,Tournament,0
2376,2,7,0,Eco-EA,1
2206,5,0,0,Eco-EA,1
3025,2,8,0,Lexicase,0
2189,5,2,0,Eco-EA,1
3803,1,6,0,Tournament,0
2687,9,0,0,Lexicase,1
2872,4,6,0,Lexicase,0
3485,5,4,0,Tournament,0
2577,0,8,0,Eco-EA,0
3043,2,6,0,Lexicase,0
3510,5,2,0,Tournament,0
2967,3,5,0,Lexicase,0
2314,3,4,0,Eco-EA,0
2435,2,1,0,Eco-EA,0
3759,2,1,0,Tournament,0
3427,6,4,0,Tournament,0
2328,3,3,0,Eco-EA,1
3350,9,0,0,Tournament,0
3091,2,1,0,Lexicase,0
2555,0,10,0,Eco-EA,0
3258,0,6,0,Lexicase,0
3409,7,1,0,Tournament,0
3642,3,3,0,Tournament,1
2984,3,3,0,Lexicase,0
2726,7,3,0,Lexicase,0
3753,2,1,0,Tournament,0
2075,7,2,0,Eco-EA,1
2322,3,3,0,Eco-EA,0
2821,5,4,0,Lexicase,0
3403,7,1,0,Tournament,0
3648,3,3,0,Tournament,0
3975,0,0,0,Tournament,0
3252,0,6,0,Lexicase,0
3595,4,0,0,Tournament,0
3049,2,6,0,Lexicase,0
2255,4,2,0,Eco-EA,1
3749,2,2,0,Tournament,0
2604,0,5,0,Eco-EA,0
3956,0,2,0,Tournament,0
2940,4,0,0,Lexicase,1
2937,4,0,0,Lexicase,1
2418,2,3,0,Eco-EA,0
3055,2,5,0,Lexicase,0
2272,4,0,0,Eco-EA,1
2486,1,6,0,Eco-EA,0
2423,2,2,0,Eco-EA,0
3875,0,10,0,Tournament,0
3561,4,3,0,Tournament,0
3559,4,4,0,Tournament,0
2043,8,1,0,Eco-EA,1
3087,2,2,0,Lexicase,0
2087,7,1,0,Eco-EA,1
3275,0,4,0,Lexicase,0
2638,0,2,0,Eco-EA,0
3553,4,4,0,Tournament,0
2049,8,1,0,Eco-EA,1
3885,0,9,0,Tournament,0
2632,0,2,0,Eco-EA,0
3296,0,2,0,Lexicase,0
3743,2,2,0,Tournament,0
2581,0,7,0,Eco-EA,0
2180,5,3,0,Eco-EA,1
3661,3,1,0,Tournament,0
2412,2,3,0,Eco-EA,0
3064,2,4,0,Lexicase,0
2429,2,2,0,Eco-EA,0
2278,4,0,0,Eco-EA,1
3902,0,7,0,Tournament,0
2787,6,2,0,Lexicase,0
3001,3,1,0,Lexicase,0
2226,4,5,0,Eco-EA,1
3819,1,5,0,Tournament,0
2980,3,4,0,Lexicase,0
3535,4,6,0,Tournament,0
2195,5,1,0,Eco-EA,1
3317,0,0,0,Lexicase,0
2664,10,0,0,Lexicase,1
2441,2,0,0,Eco-EA,0
2001,10,0,0,Eco-EA,1
2507,1,4,0,Eco-EA,0
3037,2,7,0,Lexicase,0
3326,10,0,0,Tournament,0
3171,1,3,0,Lexicase,0
2364,2,8,0,Eco-EA,0
3040,2,7,0,Lexicase,0
2764,6,4,0,Lexicase,0
2101,6,4,0,Eco-EA,1
3908,0,7,0,Tournament,0
3635,3,4,0,Tournament,0
3260,0,6,0,Lexicase,0
2691,8,2,0,Lexicase,0
3106,2,0,0,Lexicase,1
3813,1,5,0,Tournament,0
3265,0,5,0,Lexicase,0
2628,0,3,0,Eco-EA,0
3573,4,2,0,Tournament,0
3079,2,3,0,Lexicase,0
3682,2,8,0,Tournament,1
2053,8,0,0,Eco-EA,1
2549,1,0,0,Eco-EA,0
2097,7,0,0,Eco-EA,1
2478,1,7,0,Eco-EA,0
2927,4,1,0,Lexicase,0
3679,3,0,0,Tournament,0
3944,0,3,0,Tournament,0
2262,4,1,0,Eco-EA,1
3866,1,0,0,Tournament,0
3810,1,6,0,Tournament,0
2614,0,4,0,Eco-EA,0
3673,3,0,0,Tournament,0
3460,6,1,0,Tournament,0
2472,1,7,0,Eco-EA,0
2268,4,1,0,Eco-EA,1
2591,0,6,0,Eco-EA,1
3286,0,3,0,Lexicase,0
2190,5,2,0,Eco-EA,1
3855,1,1,0,Tournament,0
2145,6,0,0,Eco-EA,1
3541,4,5,0,Tournament,0
2622,0,3,0,Eco-EA,0
3579,4,2,0,Tournament,0
3688,2,8,0,Tournament,0
3135,1,7,0,Lexicase,0
3073,2,3,0,Lexicase,0
2543,1,0,0,Eco-EA,0
3897,0,8,0,Tournament,1
2405,2,4,0,Eco-EA,0
2059,8,0,0,Eco-EA,1
2842,5,2,0,Lexicase,0
2394,2,5,0,Eco-EA,0
3307,0,1,0,Lexicase,0
2580,0,8,0,Eco-EA,0
3185,1,2,0,Lexicase,0
3509,5,2,0,Tournament,0
3794,1,7,0,Tournament,0
3349,9,0,0,Tournament,0
2521,1,2,0,Eco-EA,0
2236,4,4,0,Eco-EA,1
3157,1,5,0,Lexicase,0
3410,7,1,0,Tournament,0
3448,6,2,0,Tournament,0
2779,6,3,0,Lexicase,0
3392,7,2,0,Tournament,0
2127,6,2,0,Eco-EA,1
3833,1,3,0,Tournament,0
3011,3,0,0,Lexicase,1
3705,2,6,0,Tournament,1
3166,1,4,0,Lexicase,0
3343,9,0,0,Tournament,0
2031,8,2,0,Eco-EA,1
3627,3,5,0,Tournament,0
2773,6,3,0,Lexicase,0
3442,6,2,0,Tournament,0
3355,8,2,0,Tournament,0
2116,6,3,0,Eco-EA,1
2804,6,0,0,Lexicase,1
3398,7,2,0,Tournament,0
3839,1,3,0,Tournament,0
2848,5,2,0,Lexicase,0
3503,5,2,0,Tournament,0
3050,2,6,0,Lexicase,0
2854,5,1,0,Lexicase,0
3376,8,0,0,Tournament,0
3461,6,0,0,Tournament,0
2382,2,6,0,Eco-EA,0
3786,1,8,0,Tournament,0
3750,2,2,0,Tournament,0
3726,2,4,0,Tournament,0
3400,7,2,0,Tournament,0
3193,1,1,0,Lexicase,0
3458,6,1,0,Tournament,0
3939,0,4,0,Tournament,0
3604,3,7,0,Tournament,0
2540,1,1,0,Eco-EA,0
2537,1,1,0,Eco-EA,0
2754,7,0,0,Lexicase,1
3224,0,9,0,Lexicase,0
3141,1,6,0,Lexicase,0
3519,5,1,0,Tournament,0
2673,9,1,0,Lexicase,1
2131,6,1,0,Eco-EA,1
2016,9,1,0,Eco-EA,1
2050,8,1,0,Eco-EA,1
2211,4,6,0,Eco-EA,1
2027,9,0,0,Eco-EA,1
2679,9,1,0,Lexicase,1
3513,5,1,0,Tournament,0
3715,2,5,0,Tournament,0
2177,5,3,0,Eco-EA,1
2388,2,6,0,Eco-EA,0
2865,5,0,0,Lexicase,1
3199,1,1,0,Lexicase,0
3452,6,1,0,Tournament,0
2285,3,7,0,Eco-EA,1
2430,2,2,0,Eco-EA,1
3933,0,4,0,Tournament,0
3116,1,9,0,Lexicase,0
3335,9,1,0,Tournament,0
3248,0,7,0,Lexicase,0
3434,6,3,0,Tournament,0
2338,3,2,0,Eco-EA,0
2567,0,9,0,Eco-EA,0
2977,3,4,0,Lexicase,0
2304,3,5,0,Eco-EA,0
3479,5,5,0,Tournament,0
2451,1,9,0,Eco-EA,0
3496,5,3,0,Tournament,0
3587,4,1,0,Tournament,0
2245,4,3,0,Eco-EA,1
3473,5,5,0,Tournament,0
2836,5,3,0,Lexicase,0
3242,0,7,0,Lexicase,0
3127,1,8,0,Lexicase,0
2994,3,2,0,Lexicase,0
3967,0,1,0,Tournament,0
2736,7,2,0,Lexicase,0
3411,7,0,0,Tournament,0
2065,7,3,0,Eco-EA,1
2332,3,2,0,Eco-EA,0
3845,1,2,0,Tournament,0
2800,6,1,0,Lexicase,0
3697,2,7,0,Tournament,0
3332,9,1,0,Tournament,0
3111,1,9,0,Lexicase,0
3848,1,2,0,Tournament,0
2999,3,2,0,Lexicase,0
2068,7,3,0,Eco-EA,1
3433,6,3,0,Tournament,0
3657,3,2,0,Tournament,0
2303,3,5,0,Eco-EA,1
2670,10,0,0,Lexicase,1
2370,2,8,0,Eco-EA,0
2248,4,3,0,Eco-EA,1
3491,5,3,0,Tournament,0
2456,1,9,0,Eco-EA,0
2770,6,4,0,Lexicase,0
2309,3,5,0,Eco-EA,1
3474,5,5,0,Tournament,0
2907,4,3,0,Lexicase,0
2242,4,3,0,Eco-EA,1
2831,5,3,0,Lexicase,0
2467,1,8,0,Eco-EA,0
3245,0,7,0,Lexicase,0
3360,8,2,0,Tournament,0
3338,9,1,0,Tournament,0
3842,1,2,0,Tournament,0
2335,3,2,0,Eco-EA,0
3416,7,0,0,Tournament,0
2062,7,3,0,Eco-EA,1
3439,6,3,0,Tournament,0
2731,7,2,0,Lexicase,0
2993,3,2,0,Lexicase,0
2868,5,0,0,Lexicase,1
2385,2,6,0,Eco-EA,0
3781,1,8,0,Tournament,0
3718,2,5,0,Tournament,0
3466,6,0,0,Tournament,0
2853,5,1,0,Lexicase,0
3371,8,0,0,Tournament,0
3603,3,7,0,Tournament,0
2288,3,7,0,Eco-EA,0
3194,1,1,0,Lexicase,0
3070,2,4,0,Lexicase,0
3721,2,4,0,Tournament,0
3146,1,6,0,Lexicase,0
3527,5,0,0,Tournament,0
3223,0,9,0,Lexicase,0
2753,7,0,0,Lexicase,1
2357,3,0,0,Eco-EA,0
2011,9,1,0,Eco-EA,1
2136,6,1,0,Eco-EA,1
2674,9,1,0,Lexicase,0
2759,7,0,0,Lexicase,1
2216,4,6,0,Eco-EA,1
3229,0,9,0,Lexicase,0
3514,5,1,0,Tournament,0
2862,5,0,0,Lexicase,1
2610,0,5,0,Eco-EA,0
3860,1,1,0,Tournament,0
2859,5,1,0,Lexicase,0
3712,2,5,0,Tournament,0
3609,3,7,0,Tournament,0
3934,0,4,0,Tournament,0
3455,6,1,0,Tournament,0
2282,3,7,0,Eco-EA,1
2393,2,5,0,Eco-EA,0
2845,5,2,0,Lexicase,0
3793,1,7,0,Tournament,0
3182,1,2,0,Lexicase,0
2897,4,4,0,Lexicase,0
3917,0,6,0,Tournament,0
2990,3,3,0,Lexicase,0
2231,4,4,0,Eco-EA,1
2526,1,2,0,Eco-EA,0
3708,2,6,0,Tournament,0
3016,3,0,0,Lexicase,1
3834,1,3,0,Tournament,0
3395,7,2,0,Tournament,0
2647,0,1,0,Eco-EA,0
3358,8,2,0,Tournament,0
2809,6,0,0,Lexicase,1
2517,1,3,0,Eco-EA,0
2036,8,2,0,Eco-EA,1
3344,9,0,0,Tournament,0
3702,2,6,0,Tournament,0
3161,1,4,0,Lexicase,0
2803,6,0,0,Lexicase,1
3352,8,2,0,Tournament,0
2111,6,3,0,Eco-EA,1
2774,6,3,0,Lexicase,0
3445,6,2,0,Tournament,0
2399,2,5,0,Eco-EA,0
3799,1,7,0,Tournament,0
3504,5,2,0,Tournament,0
3207,1,0,0,Lexicase,0
3188,1,2,0,Lexicase,0
3574,4,2,0,Tournament,0
2148,6,0,0,Eco-EA,1
3262,0,5,0,Lexicase,0
2054,8,0,0,Eco-EA,1
2707,8,1,0,Lexicase,0
2408,2,4,0,Eco-EA,0
3138,1,7,0,Lexicase,0
3685,2,8,0,Tournament,0
3861,1,0,0,Tournament,0
2265,4,1,0,Eco-EA,1
3943,0,3,0,Tournament,0
3858,1,1,0,Tournament,0
2613,0,4,0,Eco-EA,0
3780,1,9,0,Tournament,0
2957,3,6,0,Lexicase,0
3370,8,1,0,Tournament,0
2475,1,7,0,Eco-EA,0
3949,0,3,0,Tournament,0
3674,3,0,0,Tournament,0
3852,1,1,0,Tournament,0
3281,0,3,0,Lexicase,0
3720,2,5,0,Tournament,0
2596,0,6,0,Eco-EA,0
2619,0,4,0,Eco-EA,0
3268,0,5,0,Lexicase,0
2625,0,3,0,Eco-EA,0
3546,4,5,0,Tournament,0
2142,6,0,0,Eco-EA,1
2402,2,4,0,Eco-EA,0
2544,1,0,0,Eco-EA,0
3074,2,3,0,Lexicase,0
3132,1,7,0,Lexicase,0
2750,7,1,0,Lexicase,0
2560,0,10,0,Eco-EA,0
3006,3,1,0,Lexicase,0
2657,0,0,0,Eco-EA,0
3827,1,4,0,Tournament,0
3638,3,4,0,Tournament,0
3905,0,7,0,Tournament,0
2887,4,5,0,Lexicase,0
2221,4,5,0,Eco-EA,1
3387,7,3,0,Tournament,0
3532,4,6,0,Tournament,0
2369,2,8,0,Eco-EA,0
2669,10,0,0,Lexicase,1
2769,6,4,0,Lexicase,0
2192,5,1,0,Eco-EA,1
2363,2,8,0,Eco-EA,0
3321,10,0,0,Tournament,0
3176,1,3,0,Lexicase,0
3538,4,6,0,Tournament,0
2006,10,0,0,Eco-EA,1
2310,3,5,0,Eco-EA,0
2446,2,0,0,Eco-EA,0
2260,4,2,0,Eco-EA,1
2663,10,0,0,Lexicase,1
2106,6,4,0,Eco-EA,1
2763,6,4,0,Lexicase,0
2198,5,1,0,Eco-EA,1
3632,3,4,0,Tournament,0
3814,1,5,0,Tournament,0
3101,2,0,0,Lexicase,1
2696,8,2,0,Lexicase,0
3951,0,2,0,Tournament,0
2603,0,5,0,Eco-EA,0
3069,2,4,0,Lexicase,0
2424,2,2,0,Eco-EA,0
2481,1,6,0,Eco-EA,0
2275,4,0,0,Eco-EA,1
3052,2,5,0,Lexicase,0
2044,8,1,0,Eco-EA,1
2717,8,0,0,Lexicase,1
3566,4,3,0,Tournament,0
3872,0,10,0,Tournament,0
3272,0,4,0,Lexicase,0
3888,0,9,0,Tournament,0
3554,4,4,0,Tournament,0
3878,0,10,0,Tournament,0
3230,0,9,0,Lexicase,0
3278,0,4,0,Lexicase,0
2635,0,2,0,Eco-EA,0
3882,0,9,0,Tournament,0
3666,3,1,0,Tournament,0
3744,2,2,0,Tournament,0
2586,0,7,0,Eco-EA,0
3291,0,2,0,Lexicase,0
2609,0,5,0,Eco-EA,0
3063,2,4,0,Lexicase,0
2947,3,7,0,Lexicase,0
3610,3,7,0,Tournament,0
2415,2,3,0,Eco-EA,0
3058,2,5,0,Lexicase,0
3482,5,4,0,Tournament,0
3598,4,0,0,Tournament,0
2497,1,5,0,Eco-EA,0
2432,2,1,0,Eco-EA,0
2313,3,4,0,Eco-EA,0
3044,2,6,0,Lexicase,0
2258,4,2,0,Eco-EA,0
3096,2,1,0,Lexicase,0
2989,3,3,0,Lexicase,0
2078,7,2,0,Eco-EA,1
3978,0,0,0,Tournament,0
3645,3,3,0,Tournament,0
2817,5,5,0,Lexicase,0
2810,6,0,0,Lexicase,1
2552,0,10,0,Eco-EA,0
3767,2,0,0,Tournament,0
2325,3,3,0,Eco-EA,0
2072,7,2,0,Eco-EA,1
3754,2,1,0,Tournament,0
2721,7,3,0,Lexicase,0
2983,3,3,0,Lexicase,0
3255,0,6,0,Lexicase,0
2558,0,10,0,Eco-EA,0
3972,0,0,0,Tournament,0
3404,7,1,0,Tournament,0
2826,5,4,0,Lexicase,0
3592,4,0,0,Tournament,0
3488,5,4,0,Tournament,0
2319,3,4,0,Eco-EA,1
2438,2,1,0,Eco-EA,0
2917,4,2,0,Lexicase,0
2252,4,2,0,Eco-EA,1
2156,5,5,0,Eco-EA,1
2796,6,1,0,Lexicase,0
3233,0,8,0,Lexicase,0
2743,7,1,0,Lexicase,0
2347,3,1,0,Eco-EA,0
3363,8,1,0,Tournament,0
2298,3,6,0,Eco-EA,1
3732,2,3,0,Tournament,0
3060,2,5,0,Lexicase,0
3211,0,10,0,Lexicase,0
3611,3,6,0,Tournament,0
2184,5,2,0,Eco-EA,1
3028,2,8,0,Lexicase,0
3950,0,3,0,Tournament,0
3777,1,9,0,Tournament,0
3369,8,1,0,Tournament,0
2292,3,6,0,Eco-EA,0
3738,2,3,0,Tournament,0
3804,1,6,0,Tournament,0
3022,2,8,0,Lexicase,0
2201,5,0,0,Eco-EA,1
2371,2,7,0,Eco-EA,0
3926,0,5,0,Tournament,0
2167,5,4,0,Eco-EA,1
2749,7,1,0,Lexicase,0
3239,0,8,0,Lexicase,0
2875,4,6,0,Lexicase,0
2256,4,2,0,Eco-EA,1
2499,1,5,0,Eco-EA,0
2913,4,2,0,Lexicase,0
3596,4,0,0,Tournament,0
2822,5,4,0,Lexicase,0
3769,2,0,0,Tournament,0
2650,0,1,0,Eco-EA,0
3251,0,6,0,Lexicase,0
3976,0,0,0,Tournament,0
2819,5,5,0,Lexicase,0
2725,7,3,0,Lexicase,0
2076,7,2,0,Eco-EA,1
2987,3,3,0,Lexicase,0
2321,3,3,0,Eco-EA,1
3098,2,1,0,Lexicase,0
2828,5,4,0,Lexicase,0
3763,2,0,0,Tournament,0
2813,5,5,0,Lexicase,0
3641,3,3,0,Tournament,0
2556,0,10,0,Eco-EA,1
3424,6,4,0,Tournament,0
3092,2,1,0,Lexicase,0
2964,3,5,0,Lexicase,0
2574,0,8,0,Eco-EA,0
2493,1,5,0,Eco-EA,0
2919,4,2,0,Lexicase,0
2436,2,1,0,Eco-EA,0
3210,1,0,0,Lexicase,0
2317,3,4,0,Eco-EA,1
3486,5,4,0,Tournament,0
2871,4,6,0,Lexicase,0
2710,8,1,0,Lexicase,0
2349,3,1,0,Eco-EA,0
2163,5,4,0,Eco-EA,1
2684,9,0,0,Lexicase,1
2798,6,1,0,Lexicase,0
2158,5,5,0,Eco-EA,1
3026,2,8,0,Lexicase,0
3922,0,5,0,Tournament,0
2205,5,0,0,Eco-EA,1
2375,2,7,0,Eco-EA,0
2296,3,6,0,Eco-EA,1
3773,1,9,0,Tournament,0
3615,3,6,0,Tournament,0
3928,0,5,0,Tournament,0
3215,0,10,0,Lexicase,0
3736,2,3,0,Tournament,0
3367,8,1,0,Tournament,0
3779,1,9,0,Tournament,1
2343,3,1,0,Eco-EA,0
3237,0,8,0,Lexicase,0
2747,7,1,0,Lexicase,0
3240,0,8,0,Lexicase,0
2169,5,4,0,Eco-EA,1
2792,6,1,0,Lexicase,0
2152,5,5,0,Eco-EA,1
3105,2,0,0,Lexicase,1
3389,7,3,0,Tournament,0
2692,8,2,0,Lexicase,0
2889,4,5,0,Lexicase,0
3636,3,4,0,Tournament,0
2659,0,0,0,Eco-EA,0
3829,1,4,0,Tournament,0
3008,3,1,0,Lexicase,0
2767,6,4,0,Lexicase,0
2102,6,4,0,Eco-EA,1
2504,1,4,0,Eco-EA,0
2667,10,0,0,Lexicase,1
2002,10,0,0,Eco-EA,1
2442,2,0,0,Eco-EA,0
3325,10,0,0,Tournament,0
3172,1,3,0,Lexicase,0
2367,2,8,0,Eco-EA,0
3034,2,7,0,Lexicase,0
2196,5,1,0,Eco-EA,1
2470,1,8,0,Eco-EA,0
3314,0,0,0,Lexicase,0
2108,6,4,0,Eco-EA,1
2008,10,0,0,Eco-EA,1
2448,2,0,0,Eco-EA,0
2910,4,3,0,Lexicase,0
3536,4,6,0,Tournament,0
3178,1,3,0,Lexicase,0
2698,8,2,0,Lexicase,1
2225,4,5,0,Eco-EA,1
3383,7,3,0,Tournament,0
2883,4,5,0,Lexicase,0
3901,0,7,0,Tournament,0
3002,3,1,0,Lexicase,0
2653,0,0,0,Eco-EA,0
3823,1,4,0,Tournament,0
2784,6,2,0,Lexicase,0
2411,2,3,0,Eco-EA,0
3067,2,4,0,Lexicase,0
2943,3,7,0,Lexicase,0
2582,0,7,0,Eco-EA,0
3295,0,2,0,Lexicase,0
3662,3,1,0,Tournament,0
3886,0,9,0,Tournament,0
2631,0,2,0,Eco-EA,0
3530,5,0,0,Tournament,0
3568,4,3,0,Tournament,0
2719,8,0,0,Lexicase,1
3276,0,4,0,Lexicase,0
2160,5,5,0,Eco-EA,1
3562,4,3,0,Tournament,0
3876,0,10,0,Tournament,0
3084,2,2,0,Lexicase,0
2084,7,1,0,Eco-EA,1
2713,8,0,0,Lexicase,1
2934,4,0,0,Lexicase,1
3056,2,5,0,Lexicase,0
2485,1,6,0,Eco-EA,0
2949,3,7,0,Lexicase,0
2271,4,0,0,Eco-EA,1
2607,0,5,0,Eco-EA,0
2588,0,7,0,Eco-EA,0
3955,0,2,0,Tournament,0
3668,3,1,0,Tournament,0
3203,1,0,0,Lexicase,0
2807,6,0,0,Lexicase,1
3441,6,2,0,Tournament,0
3356,8,2,0,Tournament,0
2115,6,3,0,Eco-EA,1
3770,2,0,0,Tournament,0
2649,0,1,0,Eco-EA,0
3018,3,0,0,Lexicase,1
2032,8,2,0,Eco-EA,1
3420,7,0,0,Tournament,0
3706,2,6,0,Tournament,0
2528,1,2,0,Eco-EA,1
3165,1,4,0,Lexicase,0
3624,3,5,0,Tournament,0
3919,0,6,0,Tournament,0
2899,4,4,0,Lexicase,0
2513,1,3,0,Eco-EA,0
2124,6,2,0,Eco-EA,1
3391,7,2,0,Tournament,0
3012,3,0,0,Lexicase,1
2643,0,1,0,Eco-EA,0
2522,1,2,0,Eco-EA,0
2235,4,4,0,Eco-EA,1
2038,8,2,0,Eco-EA,1
3913,0,6,0,Tournament,0
2893,4,4,0,Lexicase,0
3154,1,5,0,Lexicase,0
2519,1,3,0,Eco-EA,0
3186,1,2,0,Lexicase,0
3209,1,0,0,Lexicase,0
3797,1,7,0,Tournament,0
2460,1,9,0,Eco-EA,0
2841,5,2,0,Lexicase,0
3304,0,1,0,Lexicase,0
2397,2,5,0,Eco-EA,1
3136,1,7,0,Lexicase,0
2220,4,6,0,Eco-EA,1
2406,2,4,0,Eco-EA,0
2709,8,1,0,Lexicase,0
2350,3,1,0,Eco-EA,0
3900,0,8,0,Tournament,0
3894,0,8,0,Tournament,0
2621,0,3,0,Eco-EA,0
2146,6,0,0,Eco-EA,1
3542,4,5,0,Tournament,0
3285,0,3,0,Lexicase,0
2592,0,6,0,Eco-EA,0
3856,1,1,0,Tournament,0
2471,1,7,0,Eco-EA,0
2953,3,6,0,Lexicase,0
2617,0,4,0,Eco-EA,0
2598,0,6,0,Eco-EA,0
2924,4,1,0,Lexicase,0
3947,0,3,0,Tournament,0
2959,3,6,0,Lexicase,0
3865,1,0,0,Tournament,0
2261,4,1,0,Eco-EA,0
3681,2,8,0,Tournament,0
2100,7,0,0,Eco-EA,1
2094,7,0,0,Eco-EA,1
2703,8,1,0,Lexicase,0
3548,4,5,0,Tournament,0
3266,0,5,0,Lexicase,0
2170,5,4,0,Eco-EA,1
3964,0,1,0,Tournament,0
2735,7,2,0,Lexicase,0
3659,3,2,0,Tournament,0
2890,4,5,0,Lexicase,0
3412,7,0,0,Tournament,0
2066,7,3,0,Eco-EA,1
2997,3,2,0,Lexicase,0
3846,1,2,0,Tournament,0
2331,3,2,0,Eco-EA,1
3390,7,3,0,Tournament,0
3699,2,7,0,Tournament,0
3830,1,4,0,Tournament,0
3124,1,8,0,Lexicase,0
3241,0,7,0,Lexicase,0
2458,1,9,0,Eco-EA,0
2835,5,3,0,Lexicase,0
2463,1,8,0,Eco-EA,0
2246,4,3,0,Eco-EA,1
3584,4,1,0,Tournament,0
2903,4,3,0,Lexicase,0
2452,1,9,0,Eco-EA,0
2469,1,8,0,Eco-EA,0
3495,5,3,0,Tournament,0
2974,3,4,0,Lexicase,0
2564,0,9,0,Eco-EA,0
2909,4,3,0,Lexicase,0
3200,1,1,0,Lexicase,0
2307,3,5,0,Eco-EA,1
3440,6,3,0,Tournament,0
3437,6,3,0,Tournament,0
3653,3,2,0,Tournament,0
3418,7,0,0,Tournament,0
3336,9,1,0,Tournament,0
3693,2,7,0,Tournament,0
3115,1,9,0,Lexicase,0
3020,3,0,0,Lexicase,1
3451,6,1,0,Tournament,0
2286,3,7,0,Eco-EA,1
3468,6,0,0,Tournament,0
3716,2,5,0,Tournament,0
2866,5,0,0,Lexicase,1
2174,5,3,0,Eco-EA,1
2024,9,0,0,Eco-EA,1
2138,6,1,0,Eco-EA,1
2359,3,0,0,Eco-EA,1
3148,1,6,0,Lexicase,0
3529,5,0,0,Tournament,0
2212,4,6,0,Eco-EA,1
2015,9,1,0,Eco-EA,1
2132,6,1,0,Eco-EA,1
2353,3,0,0,Eco-EA,1
2534,1,1,0,Eco-EA,0
3142,1,6,0,Lexicase,0
3523,5,0,0,Tournament,0
3227,0,9,0,Lexicase,0
2218,4,6,0,Eco-EA,1
2757,7,0,0,Lexicase,1
2950,3,7,0,Lexicase,0
3725,2,4,0,Tournament,0
3607,3,7,0,Tournament,0
2857,5,1,0,Lexicase,0
3375,8,0,0,Tournament,0
3462,6,0,0,Tournament,0
2381,2,6,0,Eco-EA,1
3785,1,8,0,Tournament,0
3940,0,4,0,Tournament,0
3937,0,4,0,Tournament,0
3456,6,1,0,Tournament,1
2281,3,7,0,Eco-EA,1
3728,2,4,0,Tournament,0
2173,5,3,0,Eco-EA,1
2861,5,0,0,Lexicase,1
3788,1,8,0,Tournament,0
3711,2,5,0,Tournament,0
3378,8,0,0,Tournament,0
2018,9,1,0,Eco-EA,1
3517,5,1,0,Tournament,0
2023,9,0,0,Eco-EA,1
2215,4,6,0,Eco-EA,1
2539,1,1,0,Eco-EA,0
2090,7,1,0,Eco-EA,1
3090,2,2,0,Lexicase,0
2135,6,1,0,Eco-EA,1
2012,9,1,0,Eco-EA,1
2677,9,1,0,Lexicase,0
2029,9,0,0,Eco-EA,1
3524,5,0,0,Tournament,0
3145,1,6,0,Lexicase,0
2533,1,1,0,Eco-EA,0
2354,3,0,0,Eco-EA,0
3722,2,4,0,Tournament,0
3197,1,1,0,Lexicase,0
2386,2,6,0,Eco-EA,1
3782,1,8,0,Tournament,0
2179,5,3,0,Eco-EA,1
3465,6,0,0,Tournament,0
3372,8,0,0,Tournament,0
2336,3,2,0,Eco-EA,1
3841,1,2,0,Tournament,0
3415,7,0,0,Tournament,0
2061,7,3,0,Eco-EA,1
3963,0,1,0,Tournament,0
2732,7,2,0,Lexicase,0
3246,0,7,0,Lexicase,0
3123,1,8,0,Lexicase,0
2790,6,2,0,Lexicase,0
2120,6,3,0,Eco-EA,1
3118,1,9,0,Lexicase,0
2464,1,8,0,Eco-EA,0
3498,5,3,0,Tournament,0
2832,5,3,0,Lexicase,0
3477,5,5,0,Tournament,0
2904,4,3,0,Lexicase,0
2979,3,4,0,Lexicase,0
3583,4,1,0,Tournament,0
2569,0,9,0,Eco-EA,0
2241,4,3,0,Eco-EA,1
3492,5,3,0,Tournament,0
2838,5,3,0,Lexicase,0
2455,1,9,0,Eco-EA,0
2510,1,4,0,Eco-EA,0
2563,0,9,0,Eco-EA,0
3589,4,1,0,Tournament,0
2973,3,4,0,Lexicase,0
3654,3,2,0,Tournament,0
2738,7,2,0,Lexicase,0
3969,0,1,0,Tournament,0
3129,1,8,0,Lexicase,0
3112,1,9,0,Lexicase,0
3700,2,7,0,Tournament,0
3694,2,7,0,Tournament,0
3331,9,1,0,Tournament,0
3893,0,8,0,Tournament,0
2099,7,0,0,Eco-EA,1
2547,1,0,0,Eco-EA,0
2401,2,4,0,Eco-EA,0
3131,1,7,0,Lexicase,0
3077,2,3,0,Lexicase,0
3545,4,5,0,Tournament,0
2141,6,0,0,Eco-EA,1
2626,0,3,0,Eco-EA,0
3000,3,2,0,Lexicase,0
3851,1,1,0,Tournament,0
2595,0,6,0,Eco-EA,0
3282,0,3,0,Lexicase,0
3868,1,0,0,Tournament,0
2954,3,6,0,Lexicase,0
3677,3,0,0,Tournament,0
2929,4,1,0,Lexicase,0
2476,1,7,0,Eco-EA,1
3288,0,3,0,Lexicase,0
2266,4,1,0,Eco-EA,1
3862,1,0,0,Tournament,0
2923,4,1,0,Lexicase,0
2057,8,0,0,Eco-EA,1
2704,8,1,0,Lexicase,0
3899,0,8,0,Tournament,0
2093,7,0,0,Eco-EA,1
3686,2,8,0,Tournament,0
3577,4,2,0,Tournament,0
2020,9,1,0,Eco-EA,1
2690,9,0,0,Lexicase,1
3261,0,5,0,Lexicase,0
3507,5,2,0,Tournament,0
2970,3,5,0,Lexicase,0
3204,1,0,0,Lexicase,0
3309,0,1,0,Lexicase,0
2129,6,2,0,Eco-EA,1
3351,8,2,0,Tournament,0
2112,6,3,0,Eco-EA,1
2777,6,3,0,Lexicase,0
3446,6,2,0,Tournament,0
3159,1,5,0,Lexicase,0
2514,1,3,0,Eco-EA,0
3623,3,5,0,Tournament,0
3430,6,4,0,Tournament,0
2238,4,4,0,Eco-EA,1
3701,2,6,0,Tournament,0
3162,1,4,0,Lexicase,0
2035,8,2,0,Eco-EA,1
3347,9,0,0,Tournament,0
3840,1,3,0,Tournament,0
2644,0,1,0,Eco-EA,0
3015,3,0,0,Lexicase,1
3396,7,2,0,Tournament,0
2123,6,2,0,Eco-EA,1
3837,1,3,0,Tournament,0
3120,1,9,0,Lexicase,0
2118,6,3,0,Eco-EA,1
3153,1,5,0,Lexicase,0
2894,4,4,0,Lexicase,0
3914,0,6,0,Tournament,0
3629,3,5,0,Tournament,0
2900,4,4,0,Lexicase,0
2232,4,4,0,Eco-EA,1
2525,1,2,0,Eco-EA,0
3168,1,4,0,Lexicase,0
3181,1,2,0,Lexicase,0
3303,0,1,0,Lexicase,0
2846,5,2,0,Lexicase,0
2944,3,7,0,Lexicase,0
2488,1,6,0,Eco-EA,0
2416,2,3,0,Eco-EA,0
2939,4,0,0,Lexicase,1
3665,3,1,0,Tournament,0
3958,0,2,0,Tournament,0
3292,0,2,0,Lexicase,0
3747,2,2,0,Tournament,0
2585,0,7,0,Eco-EA,0
2636,0,2,0,Eco-EA,0
3881,0,9,0,Tournament,0
2089,7,1,0,Eco-EA,1
3089,2,2,0,Lexicase,0
3557,4,4,0,Tournament,0
2030,9,0,0,Eco-EA,1
2680,9,1,0,Lexicase,0
3271,0,4,0,Lexicase,0
2047,8,1,0,Eco-EA,1
2714,8,0,0,Lexicase,1
2083,7,1,0,Eco-EA,1
3083,2,2,0,Lexicase,0
3871,0,10,0,Tournament,0
3565,4,3,0,Tournament,0
2276,4,0,0,Eco-EA,1
2482,1,6,0,Eco-EA,0
2427,2,2,0,Eco-EA,1
2933,4,0,0,Lexicase,1
3051,2,5,0,Lexicase,0
3952,0,2,0,Tournament,0
3620,3,6,0,Tournament,0
3298,0,2,0,Lexicase,0
3220,0,10,0,Lexicase,0
3817,1,5,0,Tournament,0
2228,4,5,0,Eco-EA,1
2695,8,2,0,Lexicase,0
3102,2,0,0,Lexicase,0
2789,6,2,0,Lexicase,0
3631,3,4,0,Tournament,0
3319,0,0,0,Lexicase,0
2105,6,4,0,Eco-EA,1
3480,5,5,0,Tournament,0
2570,0,9,0,Eco-EA,0
3033,2,7,0,Lexicase,0
3322,10,0,0,Tournament,0
3175,1,3,0,Lexicase,0
2445,2,0,0,Eco-EA,0
2005,10,0,0,Eco-EA,1
2503,1,4,0,Eco-EA,0
3313,0,0,0,Lexicase,0
2191,5,1,0,Eco-EA,1
3590,4,1,0,Tournament,0
3328,10,0,0,Tournament,0
3531,4,6,0,Tournament,0
3039,2,7,0,Lexicase,0
2509,1,4,0,Eco-EA,0
2884,4,5,0,Lexicase,0
3970,0,1,0,Tournament,0
3384,7,3,0,Tournament,0
3108,2,0,0,Lexicase,1
2222,4,5,0,Eco-EA,1
2783,6,2,0,Lexicase,0
3824,1,4,0,Tournament,0
2654,0,0,0,Eco-EA,0
3005,3,1,0,Lexicase,0
3906,0,7,0,Tournament,0
3130,1,8,0,Lexicase,0
2876,4,6,0,Lexicase,0
3080,2,3,0,Lexicase,0
2683,9,0,0,Lexicase,1
2164,5,4,0,Eco-EA,1
3807,1,6,0,Tournament,0
3218,0,10,0,Lexicase,0
2372,2,7,0,Eco-EA,0
2202,5,0,0,Eco-EA,1
3925,0,5,0,Tournament,0
3618,3,6,0,Tournament,0
3021,2,8,0,Lexicase,0
2930,4,1,0,Lexicase,0
3774,1,9,0,Tournament,0
2291,3,6,0,Eco-EA,1
3680,3,0,0,Tournament,0
3960,0,2,0,Tournament,0
2187,5,2,0,Eco-EA,1
2378,2,7,0,Eco-EA,1
3212,0,10,0,Lexicase,0
2208,5,0,0,Eco-EA,1
3612,3,6,0,Tournament,0
3731,2,3,0,Tournament,0
2344,3,1,0,Eco-EA,0
2155,5,5,0,Eco-EA,1
3580,4,2,0,Tournament,0
2795,6,1,0,Lexicase,0
2689,9,0,0,Lexicase,1
2914,4,2,0,Lexicase,0
2969,3,5,0,Lexicase,0
2579,0,8,0,Eco-EA,0
2251,4,2,0,Eco-EA,1
3591,4,0,0,Tournament,0
3310,0,1,0,Lexicase,0
3971,0,0,0,Tournament,0
3407,7,1,0,Tournament,0
3256,0,6,0,Lexicase,0
2780,6,3,0,Lexicase,0
2825,5,4,0,Lexicase,0
2130,6,2,0,Eco-EA,1
2326,3,3,0,Eco-EA,1
3429,6,4,0,Tournament,0
3757,2,1,0,Tournament,0
2071,7,2,0,Eco-EA,1
2722,7,3,0,Lexicase,0
2551,0,10,0,Eco-EA,0
2814,5,5,0,Lexicase,0
3646,3,3,0,Tournament,0
3764,2,0,0,Tournament,0
3095,2,1,0,Lexicase,0
2728,7,3,0,Lexicase,0
3630,3,5,0,Tournament,0
3423,6,4,0,Tournament,0
2500,1,5,0,Eco-EA,0
2431,2,1,0,Eco-EA,0
2494,1,5,0,Eco-EA,0
2573,0,8,0,Eco-EA,0
3047,2,6,0,Lexicase,0
2963,3,5,0,Lexicase,0
3481,5,4,0,Tournament,0
3633,3,4,0,Tournament,0
3815,1,5,0,Tournament,0
2697,8,2,0,Lexicase,0
3539,4,6,0,Tournament,0
3031,2,7,0,Lexicase,0
2362,2,8,0,Eco-EA,0
3177,1,3,0,Lexicase,0
2447,2,0,0,Eco-EA,0
2007,10,0,0,Eco-EA,1
2662,10,0,0,Lexicase,1
2501,1,4,0,Eco-EA,0
2107,6,4,0,Eco-EA,1
2762,6,4,0,Lexicase,0
2199,5,1,0,Eco-EA,1
2368,2,8,0,Eco-EA,0
3533,4,6,0,Tournament,0
2250,4,3,0,Eco-EA,1
2320,3,4,0,Eco-EA,1
2668,10,0,0,Lexicase,1
2768,6,4,0,Lexicase,0
3311,0,0,0,Lexicase,0
2193,5,1,0,Eco-EA,1
2781,6,2,0,Lexicase,0
3826,1,4,0,Tournament,0
2656,0,0,0,Eco-EA,0
3007,3,1,0,Lexicase,0
3904,0,7,0,Tournament,0
3639,3,4,0,Tournament,0
2070,7,3,0,Eco-EA,1
2886,4,5,0,Lexicase,0
3386,7,3,0,Tournament,0
3850,1,2,0,Tournament,0
3667,3,1,0,Tournament,0
2608,0,5,0,Eco-EA,0
3745,2,2,0,Tournament,0
2587,0,7,0,Eco-EA,0
2946,3,7,0,Lexicase,0
3062,2,4,0,Lexicase,0
2414,2,3,0,Eco-EA,0
3059,2,5,0,Lexicase,0
3555,4,4,0,Tournament,0
3879,0,10,0,Tournament,0
3279,0,4,0,Lexicase,0
2634,0,2,0,Eco-EA,0
3883,0,9,0,Tournament,0
2045,8,1,0,Eco-EA,1
2716,8,0,0,Lexicase,1
2081,7,1,0,Eco-EA,1
3081,2,2,0,Lexicase,0
3873,0,10,0,Tournament,0
3567,4,3,0,Tournament,0
3273,0,4,0,Lexicase,0
3889,0,9,0,Tournament,0
2870,5,0,0,Lexicase,1
2602,0,5,0,Eco-EA,0
2290,3,7,0,Eco-EA,1
2274,4,0,0,Eco-EA,1
3068,2,4,0,Lexicase,0
2425,2,2,0,Eco-EA,0
3053,2,5,0,Lexicase,0
2931,4,0,0,Lexicase,1
3489,5,4,0,Tournament,0
3593,4,0,0,Tournament,0
2916,4,2,0,Lexicase,0
2439,2,1,0,Eco-EA,0
3190,1,2,0,Lexicase,0
2318,3,4,0,Eco-EA,0
2253,4,2,0,Eco-EA,1
2324,3,3,0,Eco-EA,1
2982,3,3,0,Lexicase,0
3755,2,1,0,Tournament,0
2073,7,2,0,Eco-EA,1
3973,0,0,0,Tournament,0
3405,7,1,0,Tournament,0
3254,0,6,0,Lexicase,0
2559,0,10,0,Eco-EA,0
2827,5,4,0,Lexicase,0
3710,2,6,0,Tournament,0
3097,2,1,0,Lexicase,0
2079,7,2,0,Eco-EA,1
3421,6,4,0,Tournament,0
2988,3,3,0,Lexicase,0
2553,0,10,0,Eco-EA,1
2816,5,5,0,Lexicase,0
3644,3,3,0,Tournament,0
3979,0,0,0,Tournament,0
3766,2,0,0,Tournament,0
3599,4,0,0,Tournament,0
3483,5,4,0,Tournament,0
2312,3,4,0,Eco-EA,0
2433,2,1,0,Eco-EA,0
2496,1,5,0,Eco-EA,0
2571,0,8,0,Eco-EA,0
2259,4,2,0,Eco-EA,1
3045,2,6,0,Lexicase,0
2961,3,5,0,Lexicase,0
3270,0,5,0,Lexicase,0
2681,9,0,0,Lexicase,1
2166,5,4,0,Eco-EA,1
3238,0,8,0,Lexicase,0
2748,7,1,0,Lexicase,0
2874,4,6,0,Lexicase,0
3368,8,1,0,Tournament,0
3776,1,9,0,Tournament,0
2293,3,6,0,Eco-EA,1
3739,2,3,0,Tournament,0
3805,1,6,0,Tournament,0
3927,0,5,0,Tournament,0
3023,2,8,0,Lexicase,0
3362,8,1,0,Tournament,0
2299,3,6,0,Eco-EA,1
3733,2,3,0,Tournament,0
2185,5,2,0,Eco-EA,1
3029,2,8,0,Lexicase,0
2157,5,5,0,Eco-EA,1
2150,6,0,0,Eco-EA,1
2797,6,1,0,Lexicase,0
2742,7,1,0,Lexicase,0
3232,0,8,0,Lexicase,0
2346,3,1,0,Eco-EA,0
2410,2,4,0,Eco-EA,1
3244,0,7,0,Lexicase,0
3121,1,8,0,Lexicase,0
3339,9,1,0,Tournament,0
2334,3,2,0,Eco-EA,1
3843,1,2,0,Tournament,0
2992,3,2,0,Lexicase,0
2063,7,3,0,Eco-EA,1
3417,7,0,0,Tournament,0
3961,0,1,0,Tournament,0
3438,6,3,0,Tournament,0
2906,4,3,0,Lexicase,0
3475,5,5,0,Tournament,0
3180,1,3,0,Lexicase,0
2308,3,5,0,Eco-EA,0
3581,4,1,0,Tournament,0
2243,4,3,0,Eco-EA,1
2466,1,8,0,Eco-EA,0
2302,3,5,0,Eco-EA,1
2561,0,9,0,Eco-EA,0
2249,4,3,0,Eco-EA,1
2971,3,4,0,Lexicase,0
2457,1,9,0,Eco-EA,0
3696,2,7,0,Tournament,0
3333,9,1,0,Tournament,0
3849,1,2,0,Tournament,0
2069,7,3,0,Eco-EA,1
3656,3,2,0,Tournament,0
3432,6,3,0,Tournament,0
2998,3,2,0,Lexicase,0
2171,5,3,0,Eco-EA,1
2863,5,0,0,Lexicase,1
3713,2,5,0,Tournament,0
2858,5,1,0,Lexicase,0
3935,0,4,0,Tournament,0
3608,3,7,0,Tournament,0
2283,3,7,0,Eco-EA,1
3454,6,1,0,Tournament,0
2217,4,6,0,Eco-EA,1
3228,0,9,0,Lexicase,0
2758,7,0,0,Lexicase,1
3515,5,1,0,Tournament,0
2021,9,0,0,Eco-EA,1
2752,7,0,0,Lexicase,1
3222,0,9,0,Lexicase,0
3526,5,0,0,Tournament,0
3147,1,6,0,Lexicase,0
2531,1,1,0,Eco-EA,0
2400,2,5,0,Eco-EA,0
2356,3,0,0,Eco-EA,1
2140,6,1,0,Eco-EA,1
2137,6,1,0,Eco-EA,1
3890,0,9,0,Tournament,0
2675,9,1,0,Lexicase,0
2869,5,0,0,Lexicase,1
2384,2,6,0,Eco-EA,0
3467,6,0,0,Tournament,0
2620,0,4,0,Eco-EA,0
2852,5,1,0,Lexicase,0
3719,2,5,0,Tournament,0
3602,3,7,0,Tournament,0
2289,3,7,0,Eco-EA,0
3195,1,1,0,Lexicase,0
2398,2,5,0,Eco-EA,1
3490,5,4,0,Tournament,0
3505,5,2,0,Tournament,0
3798,1,7,0,Tournament,0
3189,1,2,0,Lexicase,0
3206,1,0,0,Lexicase,0
2516,1,3,0,Eco-EA,0
3621,3,5,0,Tournament,0
2040,8,2,0,Eco-EA,1
3703,2,6,0,Tournament,0
2037,8,2,0,Eco-EA,1
3345,9,0,0,Tournament,0
3353,8,2,0,Tournament,0
3444,6,2,0,Tournament,1
2775,6,3,0,Lexicase,0
2802,6,0,0,Lexicase,1
3151,1,5,0,Lexicase,0
2896,4,4,0,Lexicase,0
3916,0,6,0,Tournament,0
3709,2,6,0,Tournament,0
2527,1,2,0,Eco-EA,0
2646,0,1,0,Eco-EA,0
3017,3,0,0,Lexicase,1
3394,7,2,0,Tournament,0
3835,1,3,0,Tournament,1
2121,6,2,0,Eco-EA,1
2808,6,0,0,Lexicase,1
3359,8,2,0,Tournament,0
2392,2,5,0,Eco-EA,0
3301,0,1,0,Lexicase,0
2844,5,2,0,Lexicase,0
3792,1,7,0,Tournament,0
3183,1,2,0,Lexicase,0
3547,4,5,0,Tournament,0
2143,6,0,0,Eco-EA,1
3269,0,5,0,Lexicase,0
2624,0,3,0,Eco-EA,0
3891,0,8,0,Tournament,0
2545,1,0,0,Eco-EA,0
2403,2,4,0,Eco-EA,0
3133,1,7,0,Lexicase,0
3075,2,3,0,Lexicase,0
2956,3,6,0,Lexicase,0
3675,3,0,0,Tournament,0
3948,0,3,0,Tournament,0
2474,1,7,0,Eco-EA,0
3853,1,1,0,Tournament,0
2618,0,4,0,Eco-EA,1
2597,0,6,0,Eco-EA,0
2264,4,1,0,Eco-EA,1
3942,0,3,0,Tournament,0
2921,4,1,0,Lexicase,0
3859,1,1,0,Tournament,0
3030,2,8,0,Lexicase,0
2860,5,1,0,Lexicase,0
2612,0,4,0,Eco-EA,0
3575,4,2,0,Tournament,0
3263,0,5,0,Lexicase,0
2149,6,0,0,Eco-EA,1
2055,8,0,0,Eco-EA,1
2706,8,1,0,Lexicase,1
2409,2,4,0,Eco-EA,0
2091,7,0,0,Eco-EA,1
2760,7,0,0,Lexicase,1
3684,2,8,0,Tournament,0
3139,1,7,0,Lexicase,0
2623,0,3,0,Eco-EA,0
2144,6,0,0,Eco-EA,1
3578,4,2,0,Tournament,0
3520,5,1,0,Tournament,0
3072,2,3,0,Lexicase,0
3134,1,7,0,Lexicase,0
3689,2,8,0,Tournament,0
2404,2,4,0,Eco-EA,0
2058,8,0,0,Eco-EA,1
2542,1,0,0,Eco-EA,0
3896,0,8,0,Tournament,0
2473,1,7,0,Eco-EA,0
3672,3,0,0,Tournament,0
2269,4,1,0,Eco-EA,1
2951,3,6,0,Lexicase,0
3287,0,3,0,Lexicase,0
2380,2,7,0,Eco-EA,0
3854,1,1,0,Tournament,0
2926,4,1,0,Lexicase,0
3945,0,3,0,Tournament,0
3678,3,0,0,Tournament,0
2479,1,7,0,Eco-EA,0
3867,1,0,0,Tournament,0
2263,4,1,0,Eco-EA,1
2615,0,4,0,Eco-EA,0
3264,0,5,0,Lexicase,0
2629,0,3,0,Eco-EA,0
3572,4,2,0,Tournament,0
3683,2,8,0,Tournament,0
3078,2,3,0,Lexicase,0
2548,1,0,0,Eco-EA,0
2096,7,0,0,Eco-EA,1
2701,8,1,0,Lexicase,0
2052,8,0,0,Eco-EA,1
2849,5,2,0,Lexicase,0
2600,0,6,0,Eco-EA,0
3201,1,0,0,Lexicase,0
3502,5,2,0,Tournament,0
3342,9,0,0,Tournament,0
3167,1,4,0,Lexicase,0
3704,2,6,0,Tournament,0
3626,3,5,0,Tournament,0
2511,1,3,0,Eco-EA,0
2805,6,0,0,Lexicase,1
3650,3,3,0,Tournament,0
3443,6,2,0,Tournament,0
2772,6,3,0,Lexicase,0
2117,6,3,0,Eco-EA,1
3354,8,2,0,Tournament,0
3838,1,3,0,Tournament,0
3399,7,2,0,Tournament,0
2237,4,4,0,Eco-EA,1
2330,3,3,0,Eco-EA,1
3348,9,0,0,Tournament,0
2240,4,4,0,Eco-EA,1
3911,0,6,0,Tournament,0
2891,4,4,0,Lexicase,0
3156,1,5,0,Lexicase,0
2778,6,3,0,Lexicase,0
3449,6,2,0,Tournament,0
3832,1,3,0,Tournament,0
2126,6,2,0,Eco-EA,1
3393,7,2,0,Tournament,0
2641,0,1,0,Eco-EA,0
2843,5,2,0,Lexicase,0
3306,0,1,0,Lexicase,0
2395,2,5,0,Eco-EA,0
3184,1,2,0,Lexicase,0
3795,1,7,0,Tournament,0
3508,5,2,0,Tournament,0
3714,2,5,0,Tournament,0
2389,2,6,0,Eco-EA,0
2864,5,0,0,Lexicase,1
2176,5,3,0,Eco-EA,1
3198,1,1,0,Lexicase,0
2284,3,7,0,Eco-EA,1
3453,6,1,0,Tournament,0
3932,0,4,0,Tournament,0
2026,9,0,0,Eco-EA,1
3512,5,1,0,Tournament,0
2678,9,1,0,Lexicase,1
2351,3,0,0,Eco-EA,0
2536,1,1,0,Eco-EA,0
2060,8,0,0,Eco-EA,1
3225,0,9,0,Lexicase,0
3521,5,0,0,Tournament,0
2755,7,0,0,Lexicase,1
2672,9,1,0,Lexicase,0
2017,9,1,0,Eco-EA,1
3518,5,1,0,Tournament,0
3377,8,0,0,Tournament,0
2855,5,1,0,Lexicase,0
2383,2,6,0,Eco-EA,0
3787,1,8,0,Tournament,0
3192,1,1,0,Lexicase,0
3459,6,1,0,Tournament,0
3727,2,4,0,Tournament,1
3605,3,7,0,Tournament,0
3938,0,4,0,Tournament,0
3126,1,8,0,Lexicase,0
3243,0,7,0,Lexicase,0
3910,0,7,0,Tournament,0
2737,7,2,0,Lexicase,0
3966,0,1,0,Tournament,0
2064,7,3,0,Eco-EA,1
2995,3,2,0,Lexicase,0
2740,7,2,0,Lexicase,0
3844,1,2,0,Tournament,0
2333,3,2,0,Eco-EA,1
2244,4,3,0,Eco-EA,1
3586,4,1,0,Tournament,0
2901,4,3,0,Lexicase,0
3472,5,5,0,Tournament,0
2837,5,3,0,Lexicase,0
2461,1,8,0,Eco-EA,0
2840,5,3,0,Lexicase,0
2976,3,4,0,Lexicase,0
2566,0,9,0,Eco-EA,0
3478,5,5,0,Tournament,0
2305,3,5,0,Eco-EA,1
3497,5,3,0,Tournament,0
3334,9,1,0,Tournament,0
3691,2,7,0,Tournament,0
3117,1,9,0,Lexicase,0
3249,0,7,0,Lexicase,0
3435,6,3,0,Tournament,1
3651,3,2,0,Tournament,0
2339,3,2,0,Eco-EA,0
2161,5,4,0,Eco-EA,1
2686,9,0,0,Lexicase,1
2873,4,6,0,Lexicase,0
3690,2,8,0,Tournament,0
3560,4,4,0,Tournament,0
2270,4,1,0,Eco-EA,1
2300,3,6,0,Eco-EA,1
2294,3,6,0,Eco-EA,1
3771,1,9,0,Tournament,0
3024,2,8,0,Lexicase,0
2188,5,2,0,Eco-EA,1
2207,5,0,0,Eco-EA,1
2377,2,7,0,Eco-EA,1
3802,1,6,0,Tournament,0
3734,2,3,0,Tournament,0
3365,8,1,0,Tournament,0
3617,3,6,0,Tournament,0
3217,0,10,0,Lexicase,0
2182,5,2,0,Eco-EA,1
3808,1,6,0,Tournament,0
2630,0,3,0,Eco-EA,0
2341,3,1,0,Eco-EA,0
2879,4,6,0,Lexicase,0
3235,0,8,0,Lexicase,0
2745,7,1,0,Lexicase,0
3594,4,0,0,Tournament,0
2850,5,2,0,Lexicase,0
2254,4,2,0,Eco-EA,1
3048,2,6,0,Lexicase,0
2911,4,2,0,Lexicase,0
2727,7,3,0,Lexicase,0
2074,7,2,0,Eco-EA,1
3752,2,1,0,Tournament,0
2985,3,3,0,Lexicase,0
3820,1,5,0,Tournament,0
2323,3,3,0,Eco-EA,1
3253,0,6,0,Lexicase,0
3402,7,1,0,Tournament,0
3974,0,0,0,Tournament,0
3649,3,3,0,Tournament,0
3426,6,4,0,Tournament,0
3758,2,1,0,Tournament,0
2329,3,3,0,Eco-EA,0
3761,2,0,0,Tournament,0
3408,7,1,0,Tournament,0
2811,5,5,0,Lexicase,0
3643,3,3,0,Tournament,0
2554,0,10,0,Eco-EA,0
3450,6,2,0,Tournament,0
3259,0,6,0,Lexicase,0
3484,5,4,0,Tournament,0
2966,3,5,0,Lexicase,0
3042,2,6,0,Lexicase,0
2576,0,8,0,Eco-EA,0
2491,1,5,0,Eco-EA,1
2434,2,1,0,Eco-EA,0
2315,3,4,0,Eco-EA,1
3742,2,2,0,Tournament,0
3297,0,2,0,Lexicase,0
2390,2,6,0,Eco-EA,0
2413,2,3,0,Eco-EA,0
2279,4,0,0,Eco-EA,1
3065,2,4,0,Lexicase,0
2428,2,2,0,Eco-EA,0
2941,3,7,0,Lexicase,0
3552,4,4,0,Tournament,0
2048,8,1,0,Eco-EA,1
3884,0,9,0,Tournament,0
2633,0,2,0,Eco-EA,0
3874,0,10,0,Tournament,0
3086,2,2,0,Lexicase,0
2086,7,1,0,Eco-EA,1
3558,4,4,0,Tournament,0
2711,8,0,0,Lexicase,1
2042,8,1,0,Eco-EA,1
3274,0,4,0,Lexicase,0
2639,0,2,0,Eco-EA,0
2605,0,5,0,Eco-EA,0
3748,2,2,0,Tournament,0
3380,8,0,0,Tournament,0
3957,0,2,0,Tournament,0
2419,2,3,0,Eco-EA,1
3054,2,5,0,Lexicase,0
2936,4,0,0,Lexicase,1
2422,2,2,0,Eco-EA,0
2487,1,6,0,Eco-EA,0
2273,4,0,0,Eco-EA,1
3634,3,4,0,Tournament,0
3909,0,7,0,Tournament,0
3107,2,0,0,Lexicase,1
3760,2,1,0,Tournament,0
3812,1,5,0,Tournament,0
2506,1,4,0,Eco-EA,1
2665,10,0,0,Lexicase,1
3327,10,0,0,Tournament,0
2365,2,8,0,Eco-EA,1
3036,2,7,0,Lexicase,0
2765,6,4,0,Lexicase,0
3534,4,6,0,Tournament,0
2194,5,1,0,Eco-EA,1
3316,0,0,0,Lexicase,0
3250,0,7,0,Lexicase,0
3903,0,7,0,Tournament,0
2651,0,0,0,Eco-EA,0
3821,1,4,0,Tournament,0
2786,6,2,0,Lexicase,0
2227,4,5,0,Eco-EA,1
3381,7,3,0,Tournament,0
3818,1,5,0,Tournament,0
2881,4,5,0,Lexicase,0
2426,2,2,0,Eco-EA,0
2483,1,6,0,Eco-EA,0
2277,4,0,0,Eco-EA,1
2932,4,0,0,Lexicase,1
2200,5,1,0,Eco-EA,1
3953,0,2,0,Tournament,0
2601,0,5,0,Eco-EA,0
3299,0,2,0,Lexicase,0
2082,7,1,0,Eco-EA,1
3082,2,2,0,Lexicase,0
2046,8,1,0,Eco-EA,1
2715,8,0,0,Lexicase,1
3564,4,3,0,Tournament,0
2637,0,2,0,Eco-EA,0
2640,0,2,0,Eco-EA,0
3556,4,4,0,Tournament,0
2088,7,1,0,Eco-EA,1
3088,2,2,0,Lexicase,0
3061,2,4,0,Lexicase,0
3730,2,4,0,Tournament,0
2489,1,6,0,Eco-EA,0
2945,3,7,0,Lexicase,0
2938,4,0,0,Lexicase,1
2417,2,3,0,Eco-EA,0
3959,0,2,0,Tournament,0
3664,3,1,0,Tournament,0
3746,2,2,0,Tournament,0
2584,0,7,0,Eco-EA,0
3293,0,2,0,Lexicase,0
3790,1,8,0,Tournament,0
2885,4,5,0,Lexicase,0
2223,4,5,0,Eco-EA,1
3385,7,3,0,Tournament,0
3109,2,0,0,Lexicase,1
3004,3,1,0,Lexicase,0
2655,0,0,0,Eco-EA,0
3825,1,4,0,Tournament,0
2782,6,2,0,Lexicase,0
3907,0,7,0,Tournament,0
3312,0,0,0,Lexicase,0
3038,2,7,0,Lexicase,0
3329,10,0,0,Tournament,0
2508,1,4,0,Eco-EA,0
2104,6,4,0,Eco-EA,1
2761,6,4,0,Lexicase,0
3318,0,0,0,Lexicase,0
2361,2,8,0,Eco-EA,0
3323,10,0,0,Tournament,0
3174,1,3,0,Lexicase,0
3032,2,7,0,Lexicase,0
2502,1,4,0,Eco-EA,0
2004,10,0,0,Eco-EA,1
2444,2,0,0,Eco-EA,0
2661,10,0,0,Lexicase,1
3816,1,5,0,Tournament,0
3103,2,0,0,Lexicase,1
2229,4,5,0,Eco-EA,1
2700,8,2,0,Lexicase,0
2694,8,2,0,Lexicase,0
2788,6,2,0,Lexicase,0
3231,0,8,0,Lexicase,0
2741,7,1,0,Lexicase,0
2345,3,1,0,Eco-EA,1
2154,5,5,0,Eco-EA,1
2794,6,1,0,Lexicase,0
2688,9,0,0,Lexicase,1
3290,0,3,0,Lexicase,0
2209,5,0,0,Eco-EA,1
3213,0,10,0,Lexicase,0
2379,2,7,0,Eco-EA,0
3613,3,6,0,Tournament,0
2186,5,2,0,Eco-EA,1
3361,8,1,0,Tournament,0
3806,1,6,0,Tournament,0
3600,4,0,0,Tournament,0
2203,5,0,0,Eco-EA,1
2373,2,7,0,Eco-EA,1
3219,0,10,0,Lexicase,0
3619,3,6,0,Tournament,0
3924,0,5,0,Tournament,0
3775,1,9,0,Tournament,0
2480,1,7,0,Eco-EA,0
3870,1,0,0,Tournament,0
2877,4,6,0,Lexicase,0
2682,9,0,0,Lexicase,1
2165,5,4,0,Eco-EA,1
2495,1,5,0,Eco-EA,0
2311,3,4,0,Eco-EA,1
2962,3,5,0,Lexicase,0
3046,2,6,0,Lexicase,0
2572,0,8,0,Eco-EA,0
3320,0,0,0,Lexicase,0
3647,3,3,0,Tournament,0
2815,5,5,0,Lexicase,0
3765,2,0,0,Tournament,0
3094,2,1,0,Lexicase,0
3100,2,1,0,Lexicase,0
3170,1,4,0,Lexicase,0
3422,6,4,0,Tournament,0
2729,7,3,0,Lexicase,0
3257,0,6,0,Lexicase,0
3406,7,1,0,Tournament,0
2824,5,4,0,Lexicase,0
2327,3,3,0,Eco-EA,0
3756,2,1,0,Tournament,0
2723,7,3,0,Lexicase,0
3428,6,4,0,Tournament,0
2981,3,3,0,Lexicase,0
2915,4,2,0,Lexicase,0
2578,0,8,0,Eco-EA,0
2968,3,5,0,Lexicase,0
2280,4,0,0,Eco-EA,1
3601,3,7,0,Tournament,0
3196,1,1,0,Lexicase,0
3723,2,4,0,Tournament,0
2178,5,3,0,Eco-EA,1
2387,2,6,0,Eco-EA,0
3783,1,8,0,Tournament,0
3464,6,0,0,Tournament,0
3373,8,0,0,Tournament,0
2851,5,1,0,Lexicase,0
2013,9,1,0,Eco-EA,1
2134,6,1,0,Eco-EA,1
2676,9,1,0,Lexicase,1
2028,9,0,0,Eco-EA,1
3144,1,6,0,Lexicase,0
3221,0,9,0,Lexicase,0
3525,5,0,0,Tournament,0
2751,7,0,0,Lexicase,1
2532,1,1,0,Eco-EA,0
2355,3,0,0,Eco-EA,0
3516,5,1,0,Tournament,0
2019,9,1,0,Eco-EA,1
2022,9,0,0,Eco-EA,1
2214,4,6,0,Eco-EA,1
2538,1,1,0,Eco-EA,0
3936,0,4,0,Tournament,0
3729,2,4,0,Tournament,0
2490,1,6,0,Eco-EA,0
3457,6,1,0,Tournament,0
3789,1,8,0,Tournament,0
2172,5,3,0,Eco-EA,1
3379,8,0,0,Tournament,0
3110,2,0,0,Lexicase,1
3160,1,5,0,Lexicase,0
3431,6,3,0,Tournament,0
3968,0,1,0,Tournament,0
2739,7,2,0,Lexicase,0
3655,3,2,0,Tournament,0
3128,1,8,0,Lexicase,0
3695,2,7,0,Tournament,0
3113,1,9,0,Lexicase,0
3493,5,3,0,Tournament,0
2839,5,3,0,Lexicase,0
2454,1,9,0,Eco-EA,1
2301,3,5,0,Eco-EA,1
2972,3,4,0,Lexicase,0
3588,4,1,0,Tournament,0
3330,10,0,0,Tournament,0
2562,0,9,0,Eco-EA,0
3499,5,3,0,Tournament,0
2833,5,3,0,Lexicase,0
2465,1,8,0,Eco-EA,0
2905,4,3,0,Lexicase,0
3476,5,5,0,Tournament,0
2568,0,9,0,Eco-EA,0
3582,4,1,0,Tournament,0
2978,3,4,0,Lexicase,0
2340,3,2,0,Eco-EA,0
2230,4,5,0,Eco-EA,1
2337,3,2,0,Eco-EA,0
3414,7,0,0,Tournament,0
2733,7,2,0,Lexicase,0
3962,0,1,0,Tournament,0
2991,3,2,0,Lexicase,0
3122,1,8,0,Lexicase,0
3247,0,7,0,Lexicase,0
3119,1,9,0,Lexicase,0
2092,7,0,0,Eco-EA,1
3898,0,8,0,Tournament,0
2056,8,0,0,Eco-EA,1
2705,8,1,0,Lexicase,0
3687,2,8,0,Tournament,0
3576,4,2,0,Tournament,0
2210,5,0,0,Eco-EA,1
2611,0,4,0,Eco-EA,0
3289,0,3,0,Lexicase,0
3863,1,0,0,Tournament,0
2267,4,1,0,Eco-EA,1
3941,0,3,0,Tournament,0
2922,4,1,0,Lexicase,0
3283,0,3,0,Lexicase,0
2594,0,6,0,Eco-EA,0
2955,3,6,0,Lexicase,0
3869,1,0,0,Tournament,0
2477,1,7,0,Eco-EA,0
3676,3,0,0,Tournament,0
2928,4,1,0,Lexicase,0
2098,7,0,0,Eco-EA,1
3892,0,8,0,Tournament,0
2546,1,0,0,Eco-EA,0
3076,2,3,0,Lexicase,0
2880,4,6,0,Lexicase,0
2627,0,3,0,Eco-EA,0
3544,4,5,0,Tournament,0
3791,1,7,0,Tournament,0
3302,0,1,0,Lexicase,0
2391,2,5,0,Eco-EA,0
2847,5,2,0,Lexicase,0
3014,3,0,0,Lexicase,1
3836,1,3,0,Tournament,0
2122,6,2,0,Eco-EA,1
3397,7,2,0,Tournament,0
2645,0,1,0,Eco-EA,0
2119,6,3,0,Eco-EA,1
2895,4,4,0,Lexicase,0
3152,1,5,0,Lexicase,0
3628,3,5,0,Tournament,0
2730,7,3,0,Lexicase,0
3915,0,6,0,Tournament,0
2233,4,4,0,Eco-EA,1
2524,1,2,0,Eco-EA,0
3169,1,4,0,Lexicase,0
2128,6,2,0,Eco-EA,1
2801,6,0,0,Lexicase,1
2113,6,3,0,Eco-EA,1
3447,6,2,0,Tournament,0
2776,6,3,0,Lexicase,0
3158,1,5,0,Lexicase,0
2515,1,3,0,Eco-EA,0
3622,3,5,0,Tournament,0
2034,8,2,0,Eco-EA,1
3346,9,0,0,Tournament,0
2239,4,4,0,Eco-EA,1
3163,1,4,0,Lexicase,0
3506,5,2,0,Tournament,0
3205,1,0,0,Lexicase,0
3308,0,1,0,Lexicase,0
3208,1,0,0,Lexicase,0
3187,1,2,0,Lexicase,0
3796,1,7,0,Tournament,0
2396,2,5,0,Eco-EA,1
3305,0,1,0,Lexicase,0
2830,5,4,0,Lexicase,0
2642,0,1,0,Eco-EA,0
3831,1,3,0,Tournament,0
2125,6,2,0,Eco-EA,1
3013,3,0,0,Lexicase,1
2039,8,2,0,Eco-EA,1
2523,1,2,0,Eco-EA,0
3660,3,2,0,Tournament,0
2234,4,4,0,Eco-EA,0
3912,0,6,0,Tournament,0
3155,1,5,0,Lexicase,0
2518,1,3,0,Eco-EA,0
2892,4,4,0,Lexicase,0
2771,6,3,0,Lexicase,0
2114,6,3,0,Eco-EA,1
3357,8,2,0,Tournament,0
2806,6,0,0,Lexicase,1
3980,0,0,0,Tournament,0
3019,3,0,0,Lexicase,1
2648,0,1,0,Eco-EA,0
2529,1,2,0,Eco-EA,0
3164,1,4,0,Lexicase,0
3707,2,6,0,Tournament,0
2080,7,2,0,Eco-EA,1
3341,9,0,0,Tournament,0
2033,8,2,0,Eco-EA,1
3918,0,6,0,Tournament,0
3625,3,5,0,Tournament,0
2512,1,3,0,Eco-EA,0
2898,4,4,0,Lexicase,0
3202,1,0,0,Lexicase,0
3501,5,2,0,Tournament,0
2360,3,0,0,Eco-EA,0
2702,8,1,0,Lexicase,0
2051,8,0,0,Eco-EA,1
2095,7,0,0,Eco-EA,1
3267,0,5,0,Lexicase,0
3549,4,5,0,Tournament,0
3571,4,2,0,Tournament,0
2599,0,6,0,Eco-EA,0
2616,0,4,0,Eco-EA,0
3930,0,5,0,Tournament,0
2925,4,1,0,Lexicase,0
3946,0,3,0,Tournament,0
3864,1,0,0,Tournament,0
2958,3,6,0,Lexicase,0
2593,0,6,0,Eco-EA,0
3284,0,3,0,Lexicase,0
3857,1,1,0,Tournament,0
3671,3,0,0,Tournament,0
2952,3,6,0,Lexicase,0
3137,1,7,0,Lexicase,0
3140,1,7,0,Lexicase,0
3071,2,3,0,Lexicase,0
2541,1,0,0,Eco-EA,0
3895,0,8,0,Tournament,0
2407,2,4,0,Eco-EA,0
2708,8,1,0,Lexicase,0
2147,6,0,0,Eco-EA,1
3543,4,5,0,Tournament,0
3652,3,2,0,Tournament,0
3436,6,3,0,Tournament,0
3419,7,0,0,Tournament,0
3920,0,6,0,Tournament,0
3114,1,9,0,Lexicase,0
3340,9,1,0,Tournament,0
3337,9,1,0,Tournament,0
3692,2,7,0,Tournament,0
2453,1,9,0,Eco-EA,0
2110,6,4,0,Eco-EA,1
3500,5,3,0,Tournament,0
3494,5,3,0,Tournament,0
2468,1,8,0,Eco-EA,0
2565,0,9,0,Eco-EA,0
2975,3,4,0,Lexicase,0
2450,2,0,0,Eco-EA,0
2306,3,5,0,Eco-EA,1
2010,10,0,0,Eco-EA,1
2908,4,3,0,Lexicase,0
2459,1,9,0,Eco-EA,1
2462,1,8,0,Eco-EA,0
2834,5,3,0,Lexicase,0
3585,4,1,0,Tournament,0
2247,4,3,0,Eco-EA,1
2902,4,3,0,Lexicase,0
3471,5,5,0,Tournament,0
2996,3,2,0,Lexicase,0
3658,3,2,0,Tournament,0
2734,7,2,0,Lexicase,0
3965,0,1,0,Tournament,0
2067,7,3,0,Eco-EA,1
3413,7,0,0,Tournament,0
3847,1,2,0,Tournament,0
2520,1,3,0,Eco-EA,0
3698,2,7,0,Tournament,0
3010,3,1,0,Lexicase,0
3125,1,8,0,Lexicase,0
3724,2,4,0,Tournament,0
3191,1,1,0,Lexicase,0
3606,3,7,0,Tournament,0
3374,8,0,0,Tournament,0
2856,5,1,0,Lexicase,0
3463,6,0,0,Tournament,0
3670,3,1,0,Tournament,0
3784,1,8,0,Tournament,0
2590,0,7,0,Eco-EA,0
3280,0,4,0,Lexicase,0
2671,9,1,0,Lexicase,1
2133,6,1,0,Eco-EA,1
2014,9,1,0,Eco-EA,1
3880,0,10,0,Tournament,0
2352,3,0,0,Eco-EA,0
2535,1,1,0,Eco-EA,0
2756,7,0,0,Lexicase,1
3226,0,9,0,Lexicase,0
3522,5,0,0,Tournament,0
3143,1,6,0,Lexicase,0
2219,4,6,0,Eco-EA,1
2025,9,0,0,Eco-EA,1
2139,6,1,0,Eco-EA,1
3511,5,1,0,Tournament,0
2358,3,0,0,Eco-EA,1
3528,5,0,0,Tournament,0
3149,1,6,0,Lexicase,0
2213,4,6,0,Eco-EA,1
3570,4,3,0,Tournament,1
2287,3,7,0,Eco-EA,0
2960,3,6,0,Lexicase,0
3931,0,4,0,Tournament,0
3717,2,5,0,Tournament,0
3469,6,0,0,Tournament,0
2175,5,3,0,Eco-EA,1
2867,5,0,0,Lexicase,1
2575,0,8,0,Eco-EA,0
3041,2,6,0,Lexicase,0
2965,3,5,0,Lexicase,0
2316,3,4,0,Eco-EA,1
2440,2,1,0,Eco-EA,0
2437,2,1,0,Eco-EA,0
2918,4,2,0,Lexicase,0
2492,1,5,0,Eco-EA,0
3487,5,4,0,Tournament,0
2829,5,4,0,Lexicase,0
3762,2,0,0,Tournament,0
2557,0,10,0,Eco-EA,0
2660,0,0,0,Eco-EA,0
2812,5,5,0,Lexicase,0
3425,6,4,0,Tournament,0
3093,2,1,0,Lexicase,0
2823,5,4,0,Lexicase,0
3768,2,0,0,Tournament,0
3401,7,1,0,Tournament,0
2818,5,5,0,Lexicase,0
3977,0,0,0,Tournament,0
2986,3,3,0,Lexicase,0
2724,7,3,0,Lexicase,0
3751,2,1,0,Tournament,0
2077,7,2,0,Eco-EA,1
3099,2,1,0,Lexicase,0
2530,1,2,0,Eco-EA,0
2257,4,2,0,Eco-EA,1
2912,4,2,0,Lexicase,0
2498,1,5,0,Eco-EA,0
3597,4,0,0,Tournament,0
2342,3,1,0,Eco-EA,1
2746,7,1,0,Lexicase,0
3236,0,8,0,Lexicase,0
2720,8,0,0,Lexicase,1
2168,5,4,0,Eco-EA,1
2793,6,1,0,Lexicase,0
2153,5,5,0,Eco-EA,1
3550,4,5,0,Tournament,0
2181,5,2,0,Eco-EA,1
3929,0,5,0,Tournament,0
3614,3,6,0,Tournament,0
3214,0,10,0,Lexicase,0
3740,2,3,0,Tournament,0
3737,2,3,0,Tournament,0
3778,1,9,0,Tournament,0
3366,8,1,0,Tournament,0
3923,0,5,0,Tournament,0
2374,2,7,0,Eco-EA,0
2204,5,0,0,Eco-EA,1
3027,2,8,0,Lexicase,0
3801,1,6,0,Tournament,0
2297,3,6,0,Eco-EA,0
3772,1,9,0,Tournament,0
2348,3,1,0,Eco-EA,1
2162,5,4,0,Eco-EA,1
2685,9,0,0,Lexicase,1
2799,6,1,0,Lexicase,0
2159,5,5,0,Eco-EA,1
3382,7,3,0,Tournament,1
2699,8,2,0,Lexicase,0
2224,4,5,0,Eco-EA,1
2882,4,5,0,Lexicase,0
2820,5,5,0,Lexicase,0
2785,6,2,0,Lexicase,0
3822,1,4,0,Tournament,0
2652,0,0,0,Eco-EA,0
3003,3,1,0,Lexicase,0
2197,5,1,0,Eco-EA,1
2109,6,4,0,Eco-EA,1
3315,0,0,0,Lexicase,0
2449,2,0,0,Eco-EA,0
2009,10,0,0,Eco-EA,1
3540,4,6,0,Tournament,0
3179,1,3,0,Lexicase,0
3537,4,6,0,Tournament,0
2766,6,4,0,Lexicase,0
2103,6,4,0,Eco-EA,1
2666,10,0,0,Lexicase,1
2443,2,0,0,Eco-EA,0
2003,10,0,0,Eco-EA,1
2505,1,4,0,Eco-EA,0
3035,2,7,0,Lexicase,0
3324,10,0,0,Tournament,0
3173,1,3,0,Lexicase,0
2366,2,8,0,Eco-EA,1
2920,4,2,0,Lexicase,0
2693,8,2,0,Lexicase,0
3104,2,0,0,Lexicase,1
3388,7,3,0,Tournament,0
2888,4,5,0,Lexicase,0
3811,1,5,0,Tournament,0
3640,3,4,0,Tournament,0
3637,3,4,0,Tournament,0
3009,3,1,0,Lexicase,0
3828,1,4,0,Tournament,0
2658,0,0,0,Eco-EA,0
3057,2,5,0,Lexicase,0
2935,4,0,0,Lexicase,1
2948,3,7,0,Lexicase,0
2484,1,6,0,Eco-EA,0
2421,2,2,0,Eco-EA,0
3800,1,7,0,Tournament,0
2589,0,7,0,Eco-EA,0
2606,0,5,0,Eco-EA,0
3669,3,1,0,Tournament,0
3954,0,2,0,Tournament,0
3277,0,4,0,Lexicase,0
3877,0,10,0,Tournament,0
3563,4,3,0,Tournament,0
2712,8,0,0,Lexicase,1
2041,8,1,0,Eco-EA,1
3085,2,2,0,Lexicase,0
2085,7,1,0,Eco-EA,1
3887,0,9,0,Tournament,0
3569,4,3,0,Tournament,0
3150,1,6,0,Lexicase,0
2718,8,0,0,Lexicase,1
3551,4,4,0,Tournament,0
2942,3,7,0,Lexicase,0
3066,2,4,0,Lexicase,0
3294,0,2,0,Lexicase,0
3741,2,2,0,Tournament,0
2583,0,7,0,Eco-EA,0
3300,0,2,0,Lexicase,0
3470,6,0,0,Tournament,0
3663,3,1,0,Tournament,0
